<application>
  <component name="MaterialThemeConfig">
    <option name="isHighContrast" value="true" />
    <option name="isWizardShown" value="true" />
    <option name="overrideAccentColor" value="true" />
    <option name="pristineConfig" value="false" />
    <option name="accentColor" value="2979ff" />
    <option name="selectedTheme" value="ONE_LIGHT" />
    <option name="userId" value="5a9426dc:16b8854bd4f:-8000" />
    <option name="version" value="3.10.0" />
  </component>
</application>